section,method,K,spots,ARI_predicted,ARI_morphology,ARI_measured,delta_ARI
A1,DeepPT,6,346,0.0519,0.1418,0.1142,-0.0899
A1,DeepSpaCE,6,346,0.0668,0.1418,0.1142,-0.075
A1,EGNv1,6,346,0.0309,0.1418,0.1142,-0.1109
A1,EGNv2,6,346,0.04,0.1418,0.1142,-0.1018
A1,GeneCodeR,6,346,0.0123,0.1418,0.1142,-0.1295
A1,HisToGene,6,346,0.0565,0.1418,0.1142,-0.0853
A1,Hist2ST,6,346,0.0125,0.1418,0.1142,-0.1293
A1,ST-Net,6,346,0.0631,0.1418,0.1142,-0.0787
A1,TCGN,6,346,0.0598,0.1418,0.1142,-0.082
A1,THItoGene,6,346,0.0518,0.1418,0.1142,-0.09
A1,iStar,6,346,-0.0339,0.1418,0.1142,-0.1756
B1,DeepPT,5,295,0.224,0.3817,0.2015,-0.1577
B1,DeepSpaCE,5,293,0.259,0.3817,0.2015,-0.1228
B1,EGNv1,5,295,0.2436,0.3817,0.2015,-0.1381
B1,EGNv2,5,295,0.2659,0.3817,0.2015,-0.1159
B1,GeneCodeR,5,295,0.1661,0.3817,0.2015,-0.2157
B1,HisToGene,5,295,0.2186,0.3817,0.2015,-0.1631
B1,Hist2ST,5,295,0.3428,0.3817,0.2015,-0.0389
B1,ST-Net,5,295,0.2891,0.3817,0.2015,-0.0926
B1,TCGN,5,295,0.17,0.3817,0.2015,-0.2117
B1,THItoGene,5,295,0.3858,0.3817,0.2015,0.004
B1,iStar,5,295,0.1926,0.3817,0.2015,-0.1892
C1,DeepPT,4,176,0.1003,0.2133,0.061,-0.113
C1,DeepSpaCE,4,174,0.1625,0.2133,0.061,-0.0509
C1,EGNv1,4,176,0.0248,0.2133,0.061,-0.1885
C1,EGNv2,4,176,0.0214,0.2133,0.061,-0.1919
C1,GeneCodeR,4,176,0.0439,0.2133,0.061,-0.1694
C1,HisToGene,4,176,0.0856,0.2133,0.061,-0.1277
C1,Hist2ST,4,176,0.0972,0.2133,0.061,-0.1161
C1,ST-Net,4,176,0.1243,0.2133,0.061,-0.089
C1,TCGN,4,176,0.0919,0.2133,0.061,-0.1214
C1,THItoGene,4,176,0.1063,0.2133,0.061,-0.1071
C1,iStar,4,176,0.2118,0.2133,0.061,-0.0016
D1,DeepPT,4,306,0.0853,0.285,0.185,-0.1997
D1,DeepSpaCE,4,306,0.1335,0.285,0.185,-0.1515
D1,EGNv1,4,306,0.0314,0.285,0.185,-0.2536
D1,EGNv2,4,306,0.1005,0.285,0.185,-0.1845
D1,GeneCodeR,4,306,0.102,0.285,0.185,-0.183
D1,HisToGene,4,306,0.2031,0.285,0.185,-0.0819
D1,Hist2ST,4,306,0.2263,0.285,0.185,-0.0587
D1,ST-Net,4,306,0.0925,0.285,0.185,-0.1925
D1,TCGN,4,306,0.1432,0.285,0.185,-0.1418
D1,THItoGene,4,306,0.1322,0.285,0.185,-0.1528
D1,iStar,4,306,0.0446,0.285,0.185,-0.2404
E1,DeepPT,4,587,0.3074,0.2034,0.0264,0.104
E1,DeepSpaCE,4,587,0.1475,0.2034,0.0264,-0.0559
E1,EGNv1,4,587,0.1041,0.2034,0.0264,-0.0992
E1,EGNv2,4,587,0.1341,0.2034,0.0264,-0.0693
E1,GeneCodeR,4,587,0.0019,0.2034,0.0264,-0.2015
E1,HisToGene,4,587,0.043,0.2034,0.0264,-0.1604
E1,Hist2ST,4,587,0.1161,0.2034,0.0264,-0.0873
E1,ST-Net,4,587,0.147,0.2034,0.0264,-0.0563
E1,TCGN,4,587,0.1112,0.2034,0.0264,-0.0922
E1,THItoGene,4,587,0.106,0.2034,0.0264,-0.0974
E1,iStar,4,587,0.0764,0.2034,0.0264,-0.127
F1,DeepPT,4,691,0.0999,0.1378,0.0433,-0.0379
F1,DeepSpaCE,4,691,0.0215,0.1378,0.0433,-0.1163
F1,EGNv1,4,691,0.0555,0.1378,0.0433,-0.0823
F1,EGNv2,4,691,0.0254,0.1378,0.0433,-0.1124
F1,GeneCodeR,4,691,0.0844,0.1378,0.0433,-0.0534
F1,HisToGene,4,691,0.1841,0.1378,0.0433,0.0463
F1,Hist2ST,4,691,0.0271,0.1378,0.0433,-0.1107
F1,ST-Net,4,691,0.2025,0.1378,0.0433,0.0647
F1,TCGN,4,691,0.0682,0.1378,0.0433,-0.0696
F1,THItoGene,4,691,0.0332,0.1378,0.0433,-0.1047
F1,iStar,4,691,-0.036,0.1378,0.0433,-0.1739
G2,DeepPT,7,467,0.0835,0.235,0.1524,-0.1515
G2,DeepSpaCE,7,467,0.1063,0.235,0.1524,-0.1288
G2,EGNv1,7,467,0.1053,0.235,0.1524,-0.1297
G2,EGNv2,7,467,0.0836,0.235,0.1524,-0.1514
G2,GeneCodeR,7,467,0.0768,0.235,0.1524,-0.1582
G2,HisToGene,7,467,0.129,0.235,0.1524,-0.106
G2,Hist2ST,7,467,0.0298,0.235,0.1524,-0.2053
G2,ST-Net,7,467,0.1412,0.235,0.1524,-0.0938
G2,TCGN,7,467,0.0931,0.235,0.1524,-0.142
G2,THItoGene,7,467,0.0751,0.235,0.1524,-0.1599
G2,iStar,7,467,0.0646,0.235,0.1524,-0.1705
H1,DeepPT,7,613,0.2655,0.3616,0.1854,-0.0961
H1,DeepSpaCE,7,613,0.2769,0.3616,0.1854,-0.0847
H1,EGNv1,7,613,0.263,0.3616,0.1854,-0.0986
H1,EGNv2,7,613,0.2857,0.3616,0.1854,-0.0759
H1,GeneCodeR,7,613,0.1798,0.3616,0.1854,-0.1818
H1,HisToGene,7,613,0.2358,0.3616,0.1854,-0.1258
H1,Hist2ST,7,613,0.1621,0.3616,0.1854,-0.1995
H1,ST-Net,7,613,0.259,0.3616,0.1854,-0.1026
H1,TCGN,7,613,0.2223,0.3616,0.1854,-0.1393
H1,THItoGene,7,613,0.2117,0.3616,0.1854,-0.1499
H1,iStar,7,613,0.1178,0.3616,0.1854,-0.2438
