img_id,model_id,K,n,a_std,a_nostd,b_std,b_nostd,c_std,c_nostd
A1,DeepPT,6,346,0.05186545051495358,0.03716710830768307,0.1417810575524318,0.14105201606475704,0.11687435273220965,0.09384031891664908
A1,DeepSpaCE,6,346,0.06675499458099546,0.02503935245864128,0.1417810575524318,0.14105201606475704,0.11687435273220965,0.09384031891664908
A1,EGNv1,6,346,0.030863042996095137,0.035715905217351324,0.1417810575524318,0.14105201606475704,0.11687435273220965,0.09384031891664908
A1,EGNv2,6,346,0.040011210153235485,0.0626076469679857,0.1417810575524318,0.14105201606475704,0.11687435273220965,0.09384031891664908
A1,HisToGene,6,346,0.056464676409461935,0.059990042194040284,0.1417810575524318,0.14105201606475704,0.11687435273220965,0.09384031891664908
A1,Hist2ST,6,346,0.012503918387655915,0.013555987227591151,0.1417810575524318,0.14105201606475704,0.11687435273220965,0.09384031891664908
A1,ST-Net,6,346,0.06310603073894891,0.0259342019220813,0.1417810575524318,0.14105201606475704,0.11687435273220965,0.09384031891664908
A1,TCGN,6,346,0.05978475820005558,0.08449571105941153,0.1417810575524318,0.14105201606475704,0.11687435273220965,0.09384031891664908
A1,THItoGene,6,346,0.05180987986032254,0.04413466751032096,0.1417810575524318,0.14105201606475704,0.11687435273220965,0.09384031891664908
A1,genecoder_i500_j500,6,346,0.0123200041570167,0.030126344009972977,0.1417810575524318,0.14105201606475704,0.11687435273220965,0.09384031891664908
A1,iStar,6,346,-0.03386056090991281,-0.04460181678415356,0.1417810575524318,0.14105201606475704,0.11687435273220965,0.09384031891664908
B1,DeepPT,5,295,0.22403012791020954,0.12844457853106778,0.3817466381551058,0.37009159848664447,0.19746327569746733,0.2211622654889193
B1,DeepSpaCE,5,293,0.25895270189488606,0.08411431208991928,0.3817466381551058,0.37009159848664447,0.19746327569746733,0.2211622654889193
B1,EGNv1,5,295,0.2436103583153844,0.24713788707512344,0.3817466381551058,0.37009159848664447,0.19746327569746733,0.2211622654889193
B1,EGNv2,5,295,0.26586892005359175,0.25722722147402843,0.3817466381551058,0.37009159848664447,0.19746327569746733,0.2211622654889193
B1,HisToGene,5,295,0.21860569155608506,0.22177758343530027,0.3817466381551058,0.37009159848664447,0.19746327569746733,0.2211622654889193
B1,Hist2ST,5,295,0.34282519557266183,0.33497087181865715,0.3817466381551058,0.37009159848664447,0.19746327569746733,0.2211622654889193
B1,ST-Net,5,295,0.2891395414122,0.2734654354426962,0.3817466381551058,0.37009159848664447,0.19746327569746733,0.2211622654889193
B1,TCGN,5,295,0.17002471020613943,0.1619613568060527,0.3817466381551058,0.37009159848664447,0.19746327569746733,0.2211622654889193
B1,THItoGene,5,295,0.3857632398251852,0.2722551658172532,0.3817466381551058,0.37009159848664447,0.19746327569746733,0.2211622654889193
B1,genecoder_i500_j500,5,295,0.16605514172404298,0.12117260752942069,0.3817466381551058,0.37009159848664447,0.19746327569746733,0.2211622654889193
B1,iStar,5,295,0.19256055002742226,0.17976282830871,0.3817466381551058,0.37009159848664447,0.19746327569746733,0.2211622654889193
C1,DeepPT,4,176,0.1003070309094489,0.059407208825057414,0.21334316262351236,0.21341182736740288,0.06357566069011757,0.0622250138286284
C1,DeepSpaCE,4,174,0.16248588179218162,0.12662860542705032,0.21334316262351236,0.21341182736740288,0.06357566069011757,0.0622250138286284
C1,EGNv1,4,176,0.024814609889895707,0.03704968615605675,0.21334316262351236,0.21341182736740288,0.06357566069011757,0.0622250138286284
C1,EGNv2,4,176,0.02139522415728197,-0.0015701986945070023,0.21334316262351236,0.21341182736740288,0.06357566069011757,0.0622250138286284
C1,HisToGene,4,176,0.08564577040500822,0.08384235156235129,0.21334316262351236,0.21341182736740288,0.06357566069011757,0.0622250138286284
C1,Hist2ST,4,176,0.0971956344928833,0.11291687613767451,0.21334316262351236,0.21341182736740288,0.06357566069011757,0.0622250138286284
C1,ST-Net,4,176,0.12432031286933529,0.0074799503633334345,0.21334316262351236,0.21341182736740288,0.06357566069011757,0.0622250138286284
C1,TCGN,4,176,0.09189387138674855,0.0903263572875805,0.21334316262351236,0.21341182736740288,0.06357566069011757,0.0622250138286284
C1,THItoGene,4,176,0.10625780457470509,0.09637969523439777,0.21334316262351236,0.21341182736740288,0.06357566069011757,0.0622250138286284
C1,genecoder_i500_j500,4,176,0.043908126769592666,0.042254010389727106,0.21334316262351236,0.21341182736740288,0.06357566069011757,0.0622250138286284
C1,iStar,4,176,0.2117847400571688,0.1954405988632544,0.21334316262351236,0.21341182736740288,0.06357566069011757,0.0622250138286284
D1,DeepPT,4,306,0.08532736651553932,0.016326365532926313,0.28502747918896043,0.29606337549129136,0.18416047626480553,0.1925379891740013
D1,DeepSpaCE,4,306,0.1335297032029636,0.09048042758858688,0.28502747918896043,0.29606337549129136,0.18416047626480553,0.1925379891740013
D1,EGNv1,4,306,0.03140989828399923,0.030142629226354085,0.28502747918896043,0.29606337549129136,0.18416047626480553,0.1925379891740013
D1,EGNv2,4,306,0.10052213265233807,0.07699055729985235,0.28502747918896043,0.29606337549129136,0.18416047626480553,0.1925379891740013
D1,HisToGene,4,306,0.2031475672773814,0.18903675232501843,0.28502747918896043,0.29606337549129136,0.18416047626480553,0.1925379891740013
D1,Hist2ST,4,306,0.22631493006240383,0.24040918276368822,0.28502747918896043,0.29606337549129136,0.18416047626480553,0.1925379891740013
D1,ST-Net,4,306,0.09254394992400079,0.05498638168839877,0.28502747918896043,0.29606337549129136,0.18416047626480553,0.1925379891740013
D1,TCGN,4,306,0.14322116482155892,0.13586627629011327,0.28502747918896043,0.29606337549129136,0.18416047626480553,0.1925379891740013
D1,THItoGene,4,306,0.13220870481604063,0.14241796789458544,0.28502747918896043,0.29606337549129136,0.18416047626480553,0.1925379891740013
D1,genecoder_i500_j500,4,306,0.10204650500034826,0.1370928548790666,0.28502747918896043,0.29606337549129136,0.18416047626480553,0.1925379891740013
D1,iStar,4,306,0.04462164204780765,0.049092396132775405,0.28502747918896043,0.29606337549129136,0.18416047626480553,0.1925379891740013
E1,DeepPT,4,587,0.30738242422867085,0.3400790903980645,0.20338172626922338,0.1867572948370277,0.023122674029427377,0.03737988426111945
E1,DeepSpaCE,4,587,0.14746125686257133,0.22522796167700304,0.20338172626922338,0.1867572948370277,0.023122674029427377,0.03737988426111945
E1,EGNv1,4,587,0.10413800479602582,0.10771425736807885,0.20338172626922338,0.1867572948370277,0.023122674029427377,0.03737988426111945
E1,EGNv2,4,587,0.13413139998543655,0.15052224118773433,0.20338172626922338,0.1867572948370277,0.023122674029427377,0.03737988426111945
E1,HisToGene,4,587,0.042998271702620536,0.04498238372909796,0.20338172626922338,0.1867572948370277,0.023122674029427377,0.03737988426111945
E1,Hist2ST,4,587,0.1161048076046067,0.12104386863795866,0.20338172626922338,0.1867572948370277,0.023122674029427377,0.03737988426111945
E1,ST-Net,4,587,0.14703857580123353,0.21323316238443885,0.20338172626922338,0.1867572948370277,0.023122674029427377,0.03737988426111945
E1,TCGN,4,587,0.11118349418686498,0.09916601100638811,0.20338172626922338,0.1867572948370277,0.023122674029427377,0.03737988426111945
E1,THItoGene,4,587,0.10598702190664946,0.11191114445823039,0.20338172626922338,0.1867572948370277,0.023122674029427377,0.03737988426111945
E1,genecoder_i500_j500,4,587,0.001855958452301004,-0.00935668350633056,0.20338172626922338,0.1867572948370277,0.023122674029427377,0.03737988426111945
E1,iStar,4,587,0.07640956600880178,0.02791584592224685,0.20338172626922338,0.1867572948370277,0.023122674029427377,0.03737988426111945
F1,DeepPT,4,691,0.0999199628089121,0.014747394977582661,0.13783066406641106,0.12291890913035726,0.05203807906811285,0.04345186928431856
F1,DeepSpaCE,4,691,0.021532761178951816,0.003775318762772929,0.13783066406641106,0.12291890913035726,0.05203807906811285,0.04345186928431856
F1,EGNv1,4,691,0.05548447811952195,0.058984239205816656,0.13783066406641106,0.12291890913035726,0.05203807906811285,0.04345186928431856
F1,EGNv2,4,691,0.02543499162411042,0.06556124590696195,0.13783066406641106,0.12291890913035726,0.05203807906811285,0.04345186928431856
F1,HisToGene,4,691,0.18413791860709774,0.1791999343291547,0.13783066406641106,0.12291890913035726,0.05203807906811285,0.04345186928431856
F1,Hist2ST,4,691,0.027084482738073463,0.02398760532610903,0.13783066406641106,0.12291890913035726,0.05203807906811285,0.04345186928431856
F1,ST-Net,4,691,0.20253947245133616,0.06487734847860631,0.13783066406641106,0.12291890913035726,0.05203807906811285,0.04345186928431856
F1,TCGN,4,691,0.06819741481786168,0.1978293120353576,0.13783066406641106,0.12291890913035726,0.05203807906811285,0.04345186928431856
F1,THItoGene,4,691,0.03317837505654843,0.029970141767393998,0.13783066406641106,0.12291890913035726,0.05203807906811285,0.04345186928431856
F1,genecoder_i500_j500,4,691,0.0844370990019976,0.11392259163675889,0.13783066406641106,0.12291890913035726,0.05203807906811285,0.04345186928431856
F1,iStar,4,691,-0.03603900007504183,-0.030676638485931614,0.13783066406641106,0.12291890913035726,0.05203807906811285,0.04345186928431856
G2,DeepPT,7,467,0.08353337334002839,0.04608958817045768,0.23502855268579417,0.24774660990061922,0.15714114917454244,0.15654530133538452
G2,DeepSpaCE,7,467,0.10627286222065961,0.07354672421273357,0.23502855268579417,0.24774660990061922,0.15714114917454244,0.15654530133538452
G2,EGNv1,7,467,0.1052890461899872,0.10469138670753879,0.23502855268579417,0.24774660990061922,0.15714114917454244,0.15654530133538452
G2,EGNv2,7,467,0.08359650516355843,0.10390278232099157,0.23502855268579417,0.24774660990061922,0.15714114917454244,0.15654530133538452
G2,HisToGene,7,467,0.12900276602614041,0.1300295984333586,0.23502855268579417,0.24774660990061922,0.15714114917454244,0.15654530133538452
G2,Hist2ST,7,467,0.02975041689980134,0.029991607107204547,0.23502855268579417,0.24774660990061922,0.15714114917454244,0.15654530133538452
G2,ST-Net,7,467,0.1412122985832172,0.1299153785335673,0.23502855268579417,0.24774660990061922,0.15714114917454244,0.15654530133538452
G2,TCGN,7,467,0.09307591943026569,0.060317695758876175,0.23502855268579417,0.24774660990061922,0.15714114917454244,0.15654530133538452
G2,THItoGene,7,467,0.07508230525964074,0.06807985123887858,0.23502855268579417,0.24774660990061922,0.15714114917454244,0.15654530133538452
G2,genecoder_i500_j500,7,467,0.0768098512276292,0.06942990268124356,0.23502855268579417,0.24774660990061922,0.15714114917454244,0.15654530133538452
G2,iStar,7,467,0.0645500885065982,0.07056933846940885,0.23502855268579417,0.24774660990061922,0.15714114917454244,0.15654530133538452
H1,DeepPT,7,613,0.2655265546705182,0.273942936077862,0.36159560288824316,0.3399947366108712,0.1679007338210079,0.1489919756952671
H1,DeepSpaCE,7,613,0.2769264286015613,0.27856553801144995,0.36159560288824316,0.3399947366108712,0.1679007338210079,0.1489919756952671
H1,EGNv1,7,613,0.2630053907077469,0.27483766538025517,0.36159560288824316,0.3399947366108712,0.1679007338210079,0.1489919756952671
H1,EGNv2,7,613,0.28569649084635607,0.21408951177270508,0.36159560288824316,0.3399947366108712,0.1679007338210079,0.1489919756952671
H1,HisToGene,7,613,0.23577968667198973,0.28056492754023254,0.36159560288824316,0.3399947366108712,0.1679007338210079,0.1489919756952671
H1,Hist2ST,7,613,0.16211441357088427,0.15731787750027515,0.36159560288824316,0.3399947366108712,0.1679007338210079,0.1489919756952671
H1,ST-Net,7,613,0.2589595869258242,0.299689118559781,0.36159560288824316,0.3399947366108712,0.1679007338210079,0.1489919756952671
H1,TCGN,7,613,0.222337810347026,0.23535572028614554,0.36159560288824316,0.3399947366108712,0.1679007338210079,0.1489919756952671
H1,THItoGene,7,613,0.21170990763853195,0.19759106314427827,0.36159560288824316,0.3399947366108712,0.1679007338210079,0.1489919756952671
H1,genecoder_i500_j500,7,613,0.17983063574010502,0.2371152532591184,0.36159560288824316,0.3399947366108712,0.1679007338210079,0.1489919756952671
H1,iStar,7,613,0.1177848036276699,0.13212474300940386,0.36159560288824316,0.3399947366108712,0.1679007338210079,0.1489919756952671
